<?xml version="1.0" encoding="UTF-8"?>
<beans xmlns="http://www.springframework.org/schema/beans"
	   xmlns:p="http://www.springframework.org/schema/p"
	   xmlns:aop="http://www.springframework.org/schema/aop"
	   xmlns:task="http://www.springframework.org/schema/task"
       xmlns:xsi="http://www.w3.org/2001/XMLSchema-instance" 
       xmlns:context="http://www.springframework.org/schema/context"
       xmlns:tx="http://www.springframework.org/schema/tx" 
       xmlns:mvc="http://www.springframework.org/schema/mvc"
        xsi:schemaLocation="http://www.springframework.org/schema/beans 
        http://www.springframework.org/schema/beans/spring-beans.xsd
        http://www.springframework.org/schema/context 
        http://www.springframework.org/schema/context/spring-context-3.0.xsd
        http://www.springframework.org/schema/tx 
        http://www.springframework.org/schema/tx/spring-tx-3.0.xsd
        http://www.springframework.org/schema/mvc 
        http://www.springframework.org/schema/mvc/spring-mvc-3.0.xsd
        http://www.springframework.org/schema/task http://www.springframework.org/schema/task/spring-Atask-3.0.xsd
        http://www.springframework.org/schema/aop http://www.springframework.org/schema/aop/spring-aop-3.0.xsd">
	    
	    
 	<context:annotation-config />
    <import resource="classpath:springmvc-resteasy.xml"/>
    <mvc:annotation-driven />
    
    <!-- ************************ Base package ****************************** -->
    
    <context:component-scan base-package="Controller" />
   <!-- <context:component-scan base-package="generic" /> -->
    
    
     <!--  ************************ Service Layer Package ****************************** -->
     
     <bean id="attservice" class="Services.ATTServiceImpl"></bean>
	<bean id="attdao" class="Dao.ATTDaoImpl"></bean>
	<bean id="attcommondao" class="Common.ATTCommonDaoImpl"></bean>
	<bean id = "gd" class = "generic.ATTgenericImpl"></bean>
	
	
	
	 <!-- ************************ DataSource ****************************** -->
  	 
    
      <bean id="dataSource"
			class="org.springframework.jdbc.datasource.DriverManagerDataSource">
			<property name="driverClassName" value="com.mysql.jdbc.Driver" />
			<property name="url" value="jdbc:mysql://148.66.132.232:3306/Attendance" />
			<!-- <property name="url" value="jdbc:mysql://wwww.in3.co.in/Attendance" /> -->
			<property name="username" value="attendance" />
			<property name="password" value="attendance@123" />
	   </bean>
	      
	   	
     
    <!-- ************************ EntityManagerFactory ****************************** -->

	  <bean id="entityManagerFactory" class="org.springframework.orm.jpa.LocalContainerEntityManagerFactoryBean">
		<property name="dataSource" ref="dataSource" />
		<property name="packagesToScan">
			<array>
				<value>Entity</value>
			</array>
		</property>
		<property name="jpaVendorAdapter"> 
			<bean class="org.springframework.orm.jpa.vendor.HibernateJpaVendorAdapter">
				<!-- <property name="generateDdl" value="true" /> -->
				<property name="showSql" value="true" />
				<property name="databasePlatform" value="org.hibernate.dialect.MySQLDialect"/>
			</bean>
		</property>
	</bean>	
		
 	
	<!--  ************************ TransactionManager ****************************** -->
	
	 <bean id="transactionManager" class="org.springframework.orm.jpa.JpaTransactionManager">
		<property name="entityManagerFactory" ref="entityManagerFactory" />
	</bean>	 

	<tx:annotation-driven transaction-manager="transactionManager" />
    
    
    
</beans>